NomECUE;TypeECUE;NbHeure
Geometrie;TD;30
Geometrie;TD;30
Factory;Cours Magistral;45/nFactory;Cours Magistral;45/nFactory;Cours Magistral;45/nFactory;Cours Magistral;45
Factory;Cours Magistral;45
Factory;Cours Magistral;45
Factory;Cours Magistral;45
Factory;Cours Magistral;45
Factory;Cours Magistral;45
Factory;Cours Magistral;45
Factory;Cours Magistral;45
Factory;Cours Magistral;45
Factory;Cours Magistral;45
Factory;Cours Magistral;45
Factory;Cours Magistral;45
Factory;Cours Magistral;45
Factory;Cours Magistral;45
Factory;Cours Magistral;45
Factory;Cours Magistral;45
Factory;Cours Magistral;45
Factory;Cours Magistral;45
Factory;Cours Magistral;45
Factory;Cours Magistral;45
Factory;Cours Magistral;45
Factory;Cours Magistral;45